market,funding_rounds.mn,funding_rounds.var,funding_total_usd.mn,funding_total_usd.var,venture.mn,venture.var,seed.mn,seed.var,n
 Software ,1.943014706,2.082268425,12483470.5,1.89946E+15,8954448.831,5.82369E+14,237938.795,5.67506E+11,2176
 Biotechnology ,2.39139902,3.409359534,22630003.15,4.81693E+15,15562228.48,9.30008E+14,99499.28144,2.18294E+11,1837
 Mobile ,2.249676585,3.021777745,11930321.4,7.67912E+14,9454029.538,4.84327E+14,330560.3092,6.25386E+11,773
 Enterprise Software ,2.458208955,3.175380943,20817718.84,6.87913E+15,15891247.75,9.23559E+14,226175.3224,4.08089E+11,670
 Curated Web ,1.817619784,1.619936741,7890332.434,1.17287E+15,6865636.739,1.14697E+15,390925.6074,1.56234E+12,647
 Health Care ,2.755942948,3.984786054,32523566.78,3.51653E+15,21242250.28,1.29177E+15,242982.2108,6.4611E+11,631
 E-Commerce ,2.045028143,2.554359633,14642931.54,3.15134E+15,11027097.72,2.07109E+15,450162.5535,1.0004E+12,533
 Hardware + Software ,2.021400778,2.145739944,13422182.8,8.76251E+14,10224721.4,4.269E+14,163174.9922,3.24974E+11,514
 Health and Wellness ,1.793814433,1.697069098,16198088.35,1.49335E+16,6907785.171,4.68518E+14,280842.2825,6.17397E+11,485
 Advertising ,2.365957447,2.957474028,19419985,3.91667E+15,16152989.3,3.43035E+15,363347.866,1.95972E+12,470
 Clean Technology ,2.6,4.2359447,47885140.05,1.37342E+16,29634032.01,4.79556E+15,140321.9471,5.07342E+11,435
 Games ,1.979328165,1.667965351,11482210.91,1.37191E+15,8700395.313,4.50794E+14,261206.6047,4.4236E+11,387
 Analytics ,2.504731861,3.117857285,21838768.71,7.73915E+15,17904304.81,5.17492E+15,375666.918,7.7967E+11,317
 Finance ,2.180379747,1.995931284,17807273.45,2.49361E+15,9695624.415,3.40172E+14,341070.6677,7.80238E+11,316
 Education ,1.898412698,1.855889192,7477841.806,3.38097E+14,5130142.343,2.53884E+14,337045.3302,6.11579E+11,315
 Social Media ,1.853820598,1.438560354,5180874.791,1.24599E+14,4388554.897,1.09216E+14,316950.8339,3.78168E+11,301
 Security ,2.22,2.31686747,16624093.4,6.3253E+14,13364638.41,4.82721E+14,208172.104,3.57642E+11,250
 Manufacturing ,1.991935484,2.858234295,18961317.25,1.0631E+16,11452563.29,2.31161E+15,123011.3105,3.63879E+11,248
 Semiconductors ,2.787878788,4.724374177,32526099.46,2.11662E+15,27353782.45,1.05235E+15,62725.97403,1.0978E+11,231
 Web Hosting ,2.083333333,2.547993019,29799454.35,4.38109E+15,17358321.9,6.55333E+14,84905.13542,1.32133E+11,192
 Consulting ,1.418918919,1.156646442,9606714.439,3.51458E+14,6535638.135,1.82883E+14,164689.4122,6.33997E+11,148
 Hospitality ,1.654929577,1.17795425,10443607.49,1.05869E+15,5451255.394,1.50481E+14,308566.1056,6.32752E+11,142
 News ,1.654676259,1.314670003,8965583.065,7.0883E+14,6642580.439,2.85237E+14,252820.777,5.50039E+11,139
 Real Estate ,1.449275362,0.818576113,17520865.66,5.02482E+15,3345435.246,1.38152E+14,256890.7754,4.28267E+11,138
 Messaging ,2.014814815,2.357987839,13136186.42,1.77027E+15,10611816.76,1.22114E+15,459037.037,1.28359E+12,135
 Fashion ,1.773109244,1.854863979,11067654.29,9.5261E+14,9833273.084,8.77255E+14,457428.5714,7.40145E+11,119
 Technology ,2.760683761,5.666371942,52100330.61,1.36042E+16,39236809.75,1.07625E+16,339318.6068,7.93638E+11,117
 Search ,2.232758621,2.806221889,12867723.65,8.53748E+14,11575788.34,8.54426E+14,358127.3793,6.08459E+11,116
 SaaS ,2.396396396,2.695986896,14649567.15,9.74874E+14,12232335.04,6.02607E+14,355925.8108,5.38821E+11,111
 Music ,2.02970297,1.989108911,8034438.99,3.38418E+14,5542734.832,1.66418E+14,293781.1287,3.72269E+11,101
 Video ,2.479591837,2.788239007,19939987.2,4.01611E+15,19161776.11,4.00131E+15,281785.6122,3.79921E+11,98
 Sports ,1.802197802,2.115995116,6316128.725,3.22299E+14,4327944.78,1.84481E+14,282443.3626,4.99348E+11,91
 Internet ,2.011627907,2.788098495,91922301.69,3.88439E+17,7455883.023,2.86924E+14,534953.4419,1.10962E+12,86
 Travel ,2.047058824,1.640616246,23056697.68,9.03096E+15,17673494.49,8.06662E+15,381455.8235,5.98254E+11,85
 Big Data ,2.320987654,2.120679012,15118532.72,1.17702E+15,10651886.4,6.93486E+14,817552.5926,1.19209E+12,81
 Photography ,1.888888889,1.475,5307225.716,1.34594E+14,4600742.21,1.3378E+14,423079.1852,6.99479E+11,81
 Apps ,1.886075949,1.307367738,4326294.532,3.85046E+13,3621083.886,3.91154E+13,465891.0633,6.96883E+11,79
 Automotive ,2.144736842,4.045438596,40420881.51,3.60539E+16,11176810.26,9.20398E+14,222070.5263,2.38801E+11,76
 Medical ,1.96,2.525405405,7162987.267,2.1965E+14,6415943.08,2.18786E+14,198235.44,3.06893E+11,75
 Marketplaces ,1.583333333,0.809859155,4196315.722,1.552E+14,3585914.167,1.51767E+14,467207.1111,5.12428E+11,72
 Networking ,2.013888889,2.774452269,9910488.722,2.65685E+14,8856197.514,2.46611E+14,229891.9583,3.64691E+11,72
 Cloud Computing ,2.271428571,3.157142857,15455143.37,1.09321E+15,14041033.61,1.04672E+15,409505.1429,6.41839E+11,70
 Entertainment ,1.728571429,1.504968944,11629840.84,6.82695E+14,11130809.13,6.89384E+14,213728.5714,3.09384E+11,70
 Public Relations ,1.52238806,1.071460877,12001284.34,1.63399E+15,5538385.657,1.2422E+14,175328.3582,3.10481E+11,67
 Nonprofits ,1.765625,1.991815476,3765060.25,1.07041E+14,2394952.719,1.05887E+14,197500,3.9015E+11,64
 Medical Devices ,2.442622951,4.484153005,32018495.16,2.44491E+15,25825582.79,2.1023E+15,125637.8033,1.99782E+11,61
 Design ,1.767857143,2.799675325,11425325.61,2.06557E+15,9761185.321,1.99921E+15,477042.0714,5.55075E+11,56
 Social Network Media ,2.089285714,2.410064935,5981517.214,1.84835E+14,5237761.125,1.87679E+14,420008.9107,6.07265E+11,56
 Media ,1.843137255,1.534901961,6035943.373,1.11761E+14,5138971.275,1.11662E+14,514011.3137,1.64142E+12,51
 Sales and Marketing ,2.137254902,1.800784314,8383977.196,2.11763E+14,7041575.471,1.64461E+14,454343.6275,7.31623E+11,51
 Startups ,1.666666667,1.186666667,4643378.373,9.88804E+13,3992684.569,9.05049E+13,520693.8039,9.81633E+11,51
 Legal ,1.897959184,1.510204082,10400280.16,1.46435E+15,5313288.898,1.5029E+14,410185.9184,4.55326E+11,49
 Digital Media ,1.9375,1.506648936,12681381.75,1.30893E+15,7531312.188,2.47738E+14,823524.2708,2.5771E+12,48
 Internet of Things ,2.19047619,3.036004646,13093244.29,1.44645E+15,8424070.952,1.06374E+15,582267.8571,9.05887E+11,42
 Nanotechnology ,3.119047619,4.058652729,20396413.02,8.6901E+14,16780673.07,6.01293E+14,313839.4286,6.83945E+11,42
 Consumer Electronics ,2.073170732,4.369512195,33882336.59,9.7543E+15,18581564.51,3.35244E+15,350175.6098,1.097E+12,41
 Retail ,1.829268293,1.195121951,13910389.02,6.63891E+14,9424157.878,4.47064E+14,487341.4634,5.09785E+11,41
 Public Transportation ,2.2,3.292307692,24557453.53,3.79633E+15,15019192.9,1.17709E+15,2892614.7,2.4853E+14,40
 Internet Marketing ,2.179487179,1.730094467,7022560.051,1.36138E+14,6324880.564,1.39995E+14,277641.0256,2.33934E+11,39
 Transportation ,2.461538462,4.728744939,57943721.41,5.97677E+16,55251721.41,5.9752E+16,410846.1538,6.20727E+11,39
 Web Development ,1.717948718,1.628879892,13550425.41,1.93229E+15,12945930.1,1.80853E+15,266033.7692,2.05331E+11,39
 Wireless ,3.027027027,5.749249249,42651678.46,3.00455E+15,30591415.35,9.71546E+14,8783.783784,2854729730,37
 Android ,2.333333333,3.542857143,5408673.111,5.79573E+13,4789784.222,5.80601E+13,340833.3333,4.15E+11,36
 Financial Services ,1.555555556,0.768253968,8567569.333,2.45945E+14,6406431.75,2.10063E+14,617109.8056,1.42999E+12,36
 Information Technology ,2.228571429,5.593277311,22337360.51,4.40881E+15,12828679.17,5.42831E+14,399837.2571,5.22058E+11,35
 Payments ,2.542857143,2.549579832,25533424,1.99244E+15,18053709.71,1.40531E+15,648371.4286,1.73691E+12,35
 Publishing ,2.342857143,2.58487395,9776665.543,2.33347E+14,9298109.714,2.35461E+14,217984.4,3.09976E+11,35
 Video Streaming ,2.441176471,1.890374332,27164282.82,9.78323E+15,7942416.088,1.61513E+14,377658.2059,5.39741E+11,34
 Enterprises ,2.818181818,5.590909091,11086285.03,3.51532E+14,9677147.97,3.67313E+14,446333.3333,4.26747E+11,33
 Recruiting ,2,2.0625,9926099.091,4.04421E+14,9406068.788,4.04517E+14,383666.6667,9.32769E+11,33
 Brand Marketing ,2.875,3.85483871,10755375.13,3.9515E+14,9941592.25,3.83441E+14,416356.25,4.86302E+11,32
 Human Resources ,2.3125,2.350806452,15444389,1.33624E+15,14094902.56,1.34988E+15,581656.25,7.17928E+11,32
 Content ,2.612903226,1.778494624,11204471.55,3.76993E+14,10452670.61,3.80471E+14,613294.2258,6.25574E+11,31
 Collaboration ,3.3,3.94137931,15306840.83,4.48025E+14,14283249.1,4.15842E+14,592666.6667,1.32095E+12,30
 Hardware ,2.266666667,2.47816092,33313778.07,9.05084E+15,15494447.5,1.24346E+15,151866.6667,3.09193E+11,30
 iPhone ,1.862068966,0.980295567,5643823.517,7.30834E+13,4918965.517,7.17294E+13,316034.4828,4.04779E+11,29
 Marketing Automation ,3.24137931,5.332512315,22763055.28,1.58197E+15,15371280.9,5.18728E+14,684170.7586,1.26824E+12,29
 Services ,1.827586207,1.433497537,32382009.38,1.05512E+16,11690526.62,6.05574E+14,223724.1379,3.28477E+11,29
 Big Data Analytics ,2.428571429,2.55026455,17415135.82,1.13646E+15,12089180.25,3.05702E+14,298098.4286,3.33613E+11,28
 Health Care Information Technology ,2.285714286,2.878306878,7263040.679,1.27138E+14,6393960.321,1.2562E+14,399116.0714,5.42497E+11,28
 Business Services ,2.148148148,3.054131054,28124457.56,1.3327E+15,26834160.63,1.35105E+15,148592.2222,2.04223E+11,27
 Crowdsourcing ,2.148148148,3.438746439,11954663.56,9.01322E+14,11354915.52,9.04892E+14,571111.1111,3.98645E+11,27
 Pharmaceuticals ,1.888888889,2.102564103,35055282.7,3.85958E+15,20922912.33,9.76129E+14,324592.5926,1.08523E+12,27
 Email ,2,1.68,7399717.923,1.84526E+14,6154823.692,1.61382E+14,325038.4615,5.35261E+11,26
 Location Based Services ,2,1.6,10324060.81,9.95998E+14,7925812.462,5.51721E+14,342500,3.30663E+11,26
 Storage ,2.730769231,2.764615385,45089024.77,8.57367E+15,43559794,8.62237E+15,144807.6923,2.70701E+11,26
 Communities ,2.28,4.626666667,101235283.2,2.34609E+17,27803000,1.50712E+16,232839.84,1.46366E+11,25
 Facebook Applications ,2,1.416666667,5080246.36,5.9301E+13,3780446.36,3.43152E+13,296800,3.53E+11,25
 Local Businesses ,1.76,1.356666667,3985724.76,7.92868E+13,2086165.72,3.1228E+13,394961,7.54171E+11,25
 Mobile Commerce ,1.64,0.656666667,3020820.16,1.51889E+13,2165026.84,1.42263E+13,583973.32,5.32497E+11,25
 Restaurants ,2.4,2.666666667,5728896.8,1.48525E+14,2741578,2.91175E+13,497500.24,1.05252E+12,25
 Reviews and Recommendations ,2,1.833333333,7891119.16,1.25717E+14,7130229.2,1.35288E+14,455600,8.77876E+11,25
 Bitcoin ,1.833333333,1.101449275,7220810.125,1.21087E+14,5615624.958,1.24842E+14,1360092.042,2.07591E+12,24
 Social Commerce ,2.041666667,1.346014493,7966201.458,2.25481E+14,6355202.875,2.10844E+14,626144.4167,8.71614E+11,24
 Customer Service ,2.217391304,1.723320158,17235806.26,9.87104E+14,16755936.7,9.99568E+14,369565.2174,6.86986E+11,23
 Local ,2.086956522,0.992094862,10889167.22,4.23633E+14,9856123.739,3.82299E+14,939782.6087,3.12011E+12,23
 Shopping ,2.47826087,3.71541502,16962546.96,2.39337E+15,14881677.39,2.12874E+15,388260.8696,7.72363E+11,23
 Small and Medium Businesses ,1.695652174,1.130434783,3654139.13,4.17484E+13,2767391.304,3.98156E+13,591965.2174,9.201E+11,23
 Cloud Data Services ,2.863636364,4.409090909,81216283.14,5.44443E+16,56890137.68,1.70952E+16,545677.2727,1.26598E+12,22
 Social Media Marketing ,2.045454545,0.997835498,5586220.091,1.01459E+14,4482717.045,9.10703E+13,557727.2727,7.59142E+11,22
 Databases ,3.095238095,3.19047619,18774486.86,3.53601E+14,17601399.86,3.62549E+14,893809.5238,1.9294E+12,21
 Finance Technology ,2.095238095,1.49047619,18617664.38,2.64802E+15,6235020.476,1.92578E+14,609548.6667,5.38149E+11,21
 Mobile Payments ,2.571428571,4.357142857,14903274.38,8.2181E+14,9290476.19,1.89126E+14,321555.1905,3.84562E+11,21
 Photo Sharing ,1.904761905,0.69047619,3987339.19,3.7404E+13,2995235.048,4.09965E+13,690375,9.74569E+11,21
 Consumer Goods ,1.8,1.221052632,4525142.2,5.65315E+13,3062106.55,4.24327E+13,1022500,2.83401E+12,20
 Events ,1.9,3.568421053,13271374.95,1.97166E+15,9806749.95,9.77509E+14,303875,2.79483E+11,20
 Television ,2.35,3.502631579,16978201.8,6.58785E+14,16431205.45,6.54981E+14,160750,84495460526,20
 Venture Capital ,1.7,0.852631579,8535650,2.9102E+14,4456500,8.77581E+13,280650,3.18695E+11,20
 B2B ,2.052631579,2.052631579,6310734.105,1.2517E+14,5517313.053,1.30488E+14,793421.0526,1.47726E+12,19
 Consumer Internet ,1.789473684,0.953216374,4434529.316,2.68709E+13,3432687.211,2.49085E+13,584736.8421,1.55854E+12,19
 Consumers ,1.842105263,4.251461988,23400140.11,4.23224E+15,11982482.32,2.02788E+15,284736.8421,3.24604E+11,19
 CRM ,2.315789474,1.561403509,7092348.526,9.34556E+13,6292892.368,8.69008E+13,572263.1579,1.53937E+12,19
 Open Source ,2.473684211,3.152046784,15309173.89,1.03098E+15,7098990.737,1.51657E+14,3688789.474,2.13648E+14,19
 Pets ,1.578947368,1.368421053,6558556.947,1.40213E+14,6123662.211,1.41252E+14,164368.4211,1.96505E+11,19
 Predictive Analytics ,2.578947368,1.923976608,23070474.63,1.63589E+15,16582211.47,1.06406E+15,430368.4211,6.33414E+11,19
 Telecommunications ,2,2,49720813.26,7.56779E+15,12017532.11,4.09354E+14,257000,6.57177E+11,19
 Career Management ,2.166666667,1.558823529,8897716.444,1.99227E+14,8082716.444,2.09722E+14,455555.5556,5.41732E+11,18
 Energy ,2.222222222,3.359477124,34648891.06,2.36097E+15,26524239.17,1.97802E+15,255555.5,5.09379E+11,18
 Fitness ,2.222222222,1.594771242,4141404.389,1.01938E+14,3167500,1.07173E+14,905070,1.21984E+12,18
 Mobile Games ,1.777777778,1.359477124,19581860,3.45421E+15,19016025,3.43938E+15,100694.4444,79788092320,18
 Virtualization ,2.388888889,3.781045752,26072742.22,1.22858E+15,25497432.22,1.24159E+15,288888.8889,4.90458E+11,18
 iOS ,2.470588235,3.389705882,10229423.76,5.51381E+14,9507482.588,5.61617E+14,555764.7059,8.00722E+11,17
 Advertising Platforms ,1.9375,1.6625,11524000,3.43733E+14,11129687.5,3.45695E+14,258125,2.64323E+11,16
 Beauty ,2.0625,1.129166667,11762703.31,3.1625E+14,10330257.94,2.95304E+14,1243020.688,2.34479E+12,16
 Cloud Management ,2.6875,6.095833333,25647354,3.04151E+15,25093291.5,3.00047E+15,118750,1.32292E+11,16
 Home Automation ,2.25,1.4,13789729.5,5.69753E+14,12234375,5.48256E+14,510187.5,6.61323E+11,16
 Mobile Advertising ,2.5625,2.929166667,11281875,2.11242E+14,9413437.5,1.50256E+14,649687.5,9.21575E+11,16
 PaaS ,2.3125,1.5625,15254832.75,2.68605E+14,13892645.25,2.36713E+14,750000,1.89633E+12,16
 Peer-to-Peer ,3.1875,8.695833333,69916974.31,2.177E+16,29470099.31,2.18627E+15,1040625,4.48999E+12,16
 Productivity Software ,1.625,0.383333333,5331624.875,9.1703E+13,4898437.375,8.81324E+13,401937.5,3.74789E+11,16
 Real Time ,2.125,1.45,8871184.688,1.44074E+14,8253125,1.44734E+14,531404.6875,9.60404E+11,16
 Web Tools ,2.1875,1.095833333,10244748.56,1.72199E+14,9634123.625,1.81746E+14,185624.9375,1.59589E+11,16
 Business Intelligence ,2.866666667,1.980952381,16259153.33,3.70897E+14,13220820,3.05209E+14,213333.3333,2.46952E+11,15
 Developer APIs ,2.066666667,1.495238095,6257600,1.09548E+14,5210000,1.16397E+14,801333.3333,1.52858E+12,15
 Market Research ,2.8,3.742857143,18713236.8,1.4804E+15,7913535.933,1.14551E+14,271969.6,2.50937E+11,15
 Online Shopping ,2.4,2.828571429,14574628.47,7.39825E+14,13159628.67,7.14552E+14,353333.3333,5.72081E+11,15
 Therapeutics ,3.466666667,2.123809524,51124721.27,2.06591E+15,34298688.6,1.12661E+15,287999.9333,6.74731E+11,15
 Tracking ,2.8,7.457142857,11972219.93,4.28582E+14,11089219.93,4.01413E+14,274000,2.02783E+11,15
 Twitter Applications ,2.066666667,2.352380952,10002390.2,3.60795E+14,9216686.067,3.33562E+14,535537.4667,2.75964E+12,15
 Banking ,1.285714286,0.373626374,31627168,3.98091E+15,4632857.143,4.7305E+13,1453.714286,29585993.14,14
 Chat ,1.785714286,0.950549451,13612500,6.51145E+14,12185714.29,6.52238E+14,469642.8571,1.02636E+12,14
 Clean Energy ,2.214285714,1.258241758,15962571.43,7.40083E+14,12714500,7.26857E+14,464500,9.19791E+11,14
 Electronics ,3,5.230769231,17103273.79,6.81356E+14,14932791.79,4.5129E+14,7142.857143,714285714.3,14
 File Sharing ,3.5,11.80769231,62664665.86,2.30706E+16,60565351.71,2.28309E+16,393857.1429,6.15472E+11,14
 Kids ,1.642857143,0.862637363,3684681.357,2.00342E+13,2791109.929,1.7486E+13,633928.5714,8.16501E+11,14
 Life Sciences ,2.214285714,2.642857143,18124768.07,1.01128E+15,14374228.57,6.50143E+14,470000,5.38646E+11,14
 Network Security ,3,5.538461538,72469729.86,4.70057E+16,18775460.14,6.14086E+14,514285.7143,1.47978E+12,14
 Optimization ,3.071428571,2.686813187,27292550.93,1.61391E+15,26127840.36,1.66924E+15,567142.8571,6.42807E+11,14
 Blogging Platforms ,3,2.333333333,9983961.846,1.74867E+14,9033731.077,1.82184E+14,782923.0769,2.7095E+12,13
 Cloud Infrastructure ,3.538461538,3.769230769,23422980,6.79528E+14,22255133.77,6.89436E+14,288076.9231,3.06015E+11,13
 Data Security ,2.384615385,2.756410256,34637715.31,6.31786E+15,19126099.92,8.99957E+14,284615.3846,3.93494E+11,13
 Hospitals ,2,2.833333333,12566901.08,2.2864E+14,10430749.69,2.22986E+14,47689.84615,24816445207,13
 Hotels ,3,3,17431631.77,5.59388E+14,16203915.54,5.815E+14,1118100.846,1.99815E+12,13
 Maps ,2.307692308,3.230769231,9884470.077,7.72443E+14,8636407.462,6.96397E+14,244000,2.00654E+11,13
 Training ,1.307692308,0.230769231,3892230.846,5.46686E+13,3476923.154,5.41653E+13,381846.1538,6.3416E+11,13
 App Marketing ,1.75,0.568181818,7540019.083,8.43449E+13,4600092.583,2.96382E+13,108750,68736931818,12
 Art ,1.25,0.204545455,1541833.333,5.12838E+12,1275000,4.41659E+12,191666.6667,93033333333,12
 Artificial Intelligence ,1.5,0.454545455,2504500,1.32162E+13,2139166.667,1.44048E+13,167416.6667,1.50211E+11,12
 Auctions ,1.833333333,1.96969697,8016799.167,1.49183E+14,7118924.167,1.57885E+14,18708.33333,1259111742,12
 Audio ,1.916666667,2.083333333,9439608.333,1.35799E+14,9054608.333,1.32847E+14,260000,7.45382E+11,12
 Colleges ,2.25,3.295454545,11774708.5,7.29811E+14,11150291.92,7.36407E+14,219833.3333,1.26543E+11,12
 Communications Hardware ,3.833333333,5.96969697,113469517.5,1.41132E+16,58993907.83,3.43647E+15,0,0,12
 Coupons ,1.583333333,0.992424242,3927916.667,5.52889E+13,3582083.333,5.44732E+13,325000,8.68755E+11,12
 Data Integration ,3.333333333,1.333333333,28327388.5,1.43936E+15,19520075.83,4.71043E+14,625833.3333,1.77837E+12,12
 Data Visualization ,2.25,4.386363636,8537591,2.59245E+14,6843841,1.99659E+14,521500,1.48213E+12,12
 Displays ,2.583333333,2.083333333,43455010.25,7.22425E+15,13967083.33,4.14851E+14,264583.3333,7.43234E+11,12
 Food Processing ,1,0,64745833.33,4.65793E+16,1812500,1.17855E+13,306250,3.55241E+11,12
 iPad ,1.75,1.113636364,3405485.333,1.72786E+13,3143402,1.69763E+13,84583.33333,66761174242,12
 Lead Generation ,1.916666667,2.083333333,20331082.25,3.60043E+15,2014583.333,3.49719E+13,575156.9167,4.90163E+11,12
 Loyalty Programs ,3.916666667,8.265151515,18120447.17,4.18199E+14,17234030.5,4.08298E+14,652083.3333,6.88688E+11,12
 Machine Learning ,1.666666667,0.606060606,3509812.25,1.28855E+13,3137798.083,1.35826E+13,338201.6667,3.43203E+11,12
 Personalization ,2,2.909090909,6255227.417,1.00583E+14,5612727.417,1.01395E+14,302916.6667,2.92057E+11,12
 SEO ,1.916666667,0.992424242,7582166.667,8.45093E+13,7345833.333,8.75416E+13,209666.6667,1.54846E+11,12
 Agriculture ,2.090909091,1.090909091,20675337.55,1.02121E+15,19367373.73,9.57962E+14,3030.272727,101008080.8,11
 Computers ,2.727272727,3.218181818,18969491.73,3.9343E+14,17360400.82,2.79762E+14,136363.6364,80545454545,11
 Crowdfunding ,1.727272727,0.418181818,3396772.727,5.19606E+13,2881818.182,5.37481E+13,374045.4545,2.88966E+11,11
 Data Centers ,2.181818182,2.163636364,26495110.27,1.5459E+15,26136019.36,1.54621E+15,0,0,11
 Developer Tools ,2.181818182,1.563636364,5587778.455,3.47119E+13,3109090.909,1.73789E+13,1499110.273,1.08544E+12,11
 E-Commerce Platforms ,2.181818182,1.763636364,5994425,1.4252E+14,5514117.182,1.48016E+14,246818.1818,1.89911E+11,11
 Employment ,2,1.8,5964090.909,1.40543E+14,4729545.455,1.13371E+14,652727.2727,6.32557E+11,11
 Energy Efficiency ,2.272727273,1.618181818,27432985.36,4.44383E+15,26129124.45,4.22113E+15,361588.1818,4.96459E+11,11
 Lifestyle ,2.454545455,2.672727273,31881363.64,5.975E+15,29545454.55,5.71459E+15,580000,4.68E+11,11
 Mobile Security ,3.454545455,5.072727273,46782398.18,2.29053E+15,46497726.64,2.28872E+15,195580.6364,1.60215E+11,11
 Online Rental ,1.454545455,0.872727273,4653038.545,6.0408E+13,4196498.818,6.16985E+13,229267,2.60855E+11,11
 Politics ,1.727272727,1.018181818,6180437.909,7.94741E+13,4568181.818,7.83511E+13,309727,3.49715E+11,11
 Risk Management ,2,3.2,23433264.36,1.4627E+15,21556818.18,1.45358E+15,1114545.455,3.53537E+12,11
 SMS ,2.545454545,3.272727273,13371975.45,1.30862E+15,8621157.273,5.41288E+14,332636.3636,3.83638E+11,11
 Solar ,5.454545455,15.27272727,264588555.5,9.40274E+16,86583989.55,2.94188E+16,277272.7273,4.71682E+11,11
 VoIP ,2.363636364,2.854545455,14802901.91,4.53448E+14,12454192.18,4.02879E+14,212272.7273,2.12577E+11,11
 Ediscovery ,2.1,2.1,8137188.4,1.36709E+14,3804268.7,8.08619E+13,705700,1.42493E+12,10
 Event Management ,2.1,0.988888889,14066549.9,1.86318E+15,50000,2.50E+10,177250,72170069444,10
 Home & Garden ,2.9,4.1,29027119,4.83471E+15,28312119,4.86585E+15,495500,1.27901E+12,10
 Oil & Gas ,1.7,2.455555556,59102346.4,2.4733E+16,8540146.4,7.26216E+14,44170,15803222333,10
 Personal Finance ,2.9,7.433333333,30734959,3.28514E+15,20226959,8.31821E+14,553000,1.02582E+12,10
 Sales Automation ,3,1.555555556,11903800,2.89711E+14,10205000,3.21476E+14,1356800,3.89764E+12,10
 Semantic Search ,2.1,2.1,19891969.8,2.52209E+15,18540000,2.53E+15,357500,3.26418E+11,10
 Social Games ,2,0.666666667,3111568.5,1.48222E+13,2492061,1.64167E+13,239500.2,3.13003E+11,10
 Commercial Real Estate ,2,1.5,5052777.778,4.21451E+13,4108333.333,3.71E+13,583333.3333,7.11E+11,9
 Construction ,3.333333333,14,123221262.8,1.19543E+17,13443151.67,4.16698E+14,662555.5556,1.30992E+12,9
 Distribution ,1.777777778,1.194444444,18827153.56,2.72676E+15,944444.4444,7.01215E+12,146444.4444,1.09264E+11,9
 Fantasy Sports ,2.222222222,3.694444444,19113510.22,1.25144E+15,18005804.33,1.26724E+15,818817,2.31558E+12,9
 Flash Storage ,2.777777778,2.694444444,23910305.56,5.37971E+14,20779749.78,5.92688E+14,2777.777778,69444444.44,9
 Gamification ,1.888888889,1.111111111,1014889,2.23723E+12,577777.8889,2.41694E+12,395888.8889,3.24652E+11,9
 Healthcare Services ,2.111111111,1.111111111,18137172.11,4.32243E+14,17145505.44,4.05506E+14,358333.3333,4.87E+11,9
 Price Comparison ,2,1.25,3797333.333,1.47E+13,2331777.778,1.83154E+13,711111.1111,1.08111E+12,9
 Project Management ,1.444444444,0.527777778,2542157.222,2.00615E+13,2214379.444,2.15048E+13,123888.8889,67448611111,9
 Subscription Businesses ,2.555555556,2.277777778,7092393.778,1.51413E+14,6028504.889,1.53873E+14,230555.5556,2.18228E+11,9
 Utilities ,1.666666667,1,48274942,1.69435E+16,31792298.67,6.73665E+15,36444.44444,5313777778,9
 Video Games ,1.666666667,0.75,16757475.78,9.45131E+14,15684142.44,9.25403E+14,238888.8889,2.68611E+11,9
 Web Design ,1.777777778,0.694444444,1972222.222,7.08444E+12,877777.7778,3.86757E+12,522222.2222,6.38819E+11,9
 Weddings ,1.555555556,0.527777778,3135000,2.54984E+13,2833333.333,2.73E+13,220555.5556,1.25084E+11,9
 3D ,1.75,0.214285714,3795278.5,4.73734E+13,3059375,5.15686E+13,592153.5,9.16596E+11,8
 Aerospace ,2.5,2.285714286,27173446.38,1.17814E+15,25550000,1.20881E+15,1125321.375,2.40716E+12,8
 Cloud Security ,3.25,5.642857143,32382730.63,5.84487E+14,31920230.63,6.00868E+14,462500,7.68393E+11,8
 Collaborative Consumption ,2,1.428571429,2543750,5.64817E+12,1156250,4.58817E+12,1175000,7.30714E+11,8
 Development Platforms ,2.25,1.642857143,12958675,3.47061E+14,11425000,3.76179E+14,456750,8.00679E+11,8
 Email Marketing ,2.75,2.214285714,35401765.5,1.84539E+15,34153187,1.912E+15,342328.5,9.3751E+11,8
 IaaS ,2.75,2.5,12701657.88,3.82563E+14,11071907.88,4.05302E+14,973500,1.94233E+12,8
 Information Services ,1.5,0.285714286,5527857.75,8.78974E+13,5213607.75,9.14959E+13,303125,1.50792E+11,8
 Logistics ,1.5,0.571428571,3135625,2.00419E+13,2298750,1.74112E+13,799375,1.04443E+12,8
 Mobile Devices ,1.75,3.071428571,9147558.625,5.05909E+14,8237308.625,5.19403E+14,872750,3.71336E+12,8
 Parenting ,1.375,1.125,1287444.5,4.33829E+12,378069.5,8.02478E+11,820000,4.39E+12,8
 Privacy ,2.125,0.696428571,21624618.75,1.13781E+15,20361875,1.18155E+15,932118.75,3.14057E+12,8
 Social Search ,1.75,1.357142857,6376875,1.4242E+14,5925000,1.48E+14,451875,6.75028E+11,8
 Sustainability ,2,2.571428571,23311359.38,3.6446E+15,1660109.375,6.65377E+12,401250,8.07441E+11,8
 Trading ,1.625,0.839285714,1159799.5,3.26585E+12,886424.5,3.45758E+12,251500,1.14686E+11,8
 Web CMS ,2.375,2.267857143,49122500.38,1.18542E+16,32812500.38,4.17573E+15,472500,3.93907E+11,8
 Accounting ,2,3.333333333,38817907.86,4.57797E+15,16128571.43,6.37516E+14,3.00E+05,2.03333E+11,7
 All Students ,2,1,9107428.571,4.94082E+14,8528571.429,4.85756E+14,570000,3.43E+11,7
 Application Platforms ,1.142857143,0.142857143,7019411.286,1.67369E+14,1718439.857,1.68883E+13,300971.4286,2.47785E+11,7
 Cars ,2.571428571,1.619047619,5763133.429,1.67792E+13,3219899.143,2.01584E+13,2078948.571,6.14977E+12,7
 Charity ,1.285714286,0.238095238,852857.1429,8.87224E+11,0,0,710000,9.81033E+11,7
 Computer Vision ,2.428571429,1.285714286,6968164.286,1.89207E+14,5514285.714,1.52825E+14,1391171.429,3.07024E+12,7
 Concerts ,2.714285714,5.904761905,6860714.286,2.27673E+14,5771428.571,2.33166E+14,782142.8571,9.96615E+11,7
 Content Discovery ,2.142857143,2.142857143,3831794.714,1.70723E+13,3141080.429,1.9864E+13,6.00E+05,5.88E+11,7
 Creative ,2.428571429,1.285714286,7449268.714,5.91833E+13,6327840.143,5.37916E+13,478571.4286,5.53214E+11,7
 Credit ,4.142857143,19.47619048,144422857.1,3.54325E+16,68532857.14,7.5228E+15,247142.8571,1.8689E+11,7
 Cyber Security ,2.714285714,2.904761905,13995428.57,5.22292E+14,13142857.14,5.47893E+14,474000,2.09E+11,7
 Diagnostics ,4.142857143,10.47619048,49769477.43,3.04828E+15,36253571.43,1.98073E+15,364285.7143,4.78929E+11,7
 Discounts ,2.142857143,2.142857143,1373280.714,1.82947E+12,743995,1.09439E+12,375714.2857,8.79587E+11,7
 Forums ,1.857142857,2.142857143,6956000,1.72E+14,4400000,1.18E+14,302428.5714,1.66258E+11,7
 Freelancers ,1.714285714,1.238095238,3233714.286,3.00608E+13,2957142.857,3.04462E+13,276571.4286,1.03001E+11,7
 Gift Card ,1.285714286,0.238095238,2022928.571,4.84656E+12,857142.8571,5.14286E+12,1022928.571,2.23339E+12,7
 Identity ,2.857142857,8.142857143,16755914,1.87875E+15,16159379.43,1.82352E+15,173571.4286,1.10223E+11,7
 Identity Management ,3.714285714,4.904761905,35723285.86,2.02115E+15,35503857.14,2.03893E+15,111428.5714,86914285714,7
 Incentives ,2.571428571,0.952380952,9351254.286,3.20322E+14,8735332.143,3.26477E+14,590922.1429,6.35354E+11,7
 Investment Management ,1.428571429,0.619047619,7.30E+07,2.05942E+16,3921428.571,5.92615E+13,307142.8571,3.35357E+11,7
 K-12 Education ,1.428571429,0.285714286,1065449.571,1.73887E+12,459592.4286,1.47858E+12,460142.8571,5.91025E+11,7
 Language Learning ,2.571428571,1.952380952,9501428.571,8.97587E+13,7800000,6.74567E+13,630000,8.02033E+11,7
 Mobile Health ,2,1,1677902.857,3.1697E+12,1057706,2.12206E+12,148411.2857,60524666425,7
 Mobile Software Tools ,2.285714286,1.238095238,12063332.71,8.84978E+13,10506189.86,1.08916E+14,657142.8571,7.5619E+11,7
 Monetization ,3.428571429,5.952380952,21067529.43,3.17611E+14,19166184.86,2.66265E+14,329916,1.89598E+11,7
 Online Dating ,1.857142857,0.80952381,1946000,1.82546E+13,1228571.429,1.05657E+13,241000,1.63E+11,7
 Outsourcing ,1.857142857,0.476190476,3531428.571,2.33248E+13,3494285.714,2.36236E+13,27142.85714,4023809524,7
 Presentations ,2,1.333333333,13048992.86,6.77529E+14,3907142.857,2.92604E+13,368571.4286,5.32781E+11,7
 Renewable Energies ,1.142857143,0.142857143,7289552.857,5.90915E+13,6682695.714,5.88761E+13,64285.71429,17261904762,7
 Sensors ,2.571428571,8.285714286,3212327.714,9.40075E+12,2093756.286,5.04946E+12,490000,5.30367E+11,7
 Social Buying ,2.714285714,1.571428571,14377677.86,3.54324E+14,13341963.57,3.82864E+14,607142.8571,8.86815E+11,7
 Social Media Monitoring ,3.142857143,1.142857143,7346194.571,4.85967E+13,6702739.143,5.24101E+13,555714.2857,8.97062E+11,7
 Social Recruiting ,1.285714286,0.238095238,12607142.86,5.3236E+14,12185714.29,5.44041E+14,1.00E+05,7.00E+10,7
 Supply Chain Management ,2.285714286,1.571428571,18503515.14,5.07987E+14,14067800.86,3.01244E+14,192857.1429,1.6869E+11,7
 Testing ,4.142857143,5.142857143,51470523.14,1.01827E+15,50883951.71,1.02871E+15,478571.4286,3.86548E+11,7
 Unifed Communications ,2.857142857,6.476190476,16229432.14,2.84452E+14,14923418.29,2.37443E+14,728871,2.3514E+12,7
 User Experience Design ,1.428571429,0.619047619,1063096.143,1.21845E+12,247428.5714,1.78566E+11,612714.2857,7.54932E+11,7
 Ad Targeting ,2.5,1.9,13383657.17,1.62062E+14,12258657.17,1.86316E+14,541666.6667,7.60417E+11,6
 Advice ,2.166666667,2.166666667,12165096.33,3.72748E+14,11373429.67,3.88358E+14,566666.6667,9.66667E+11,6
 Batteries ,3.833333333,4.966666667,102405349.2,3.8885E+16,59924515.83,9.16242E+15,0,0,6
 Browser Extensions ,3,1.6,34004166.67,1.62698E+15,16883333.33,2.54178E+14,320833.3333,4.50104E+11,6
 Business Analytics ,1.333333333,0.666666667,3754833.167,2.19374E+13,3033333.167,2.24067E+13,621500,4.72374E+11,6
 Communications Infrastructure ,2.833333333,1.366666667,10832217.83,2.38508E+14,6448886,1.09274E+14,1185833.333,1.4491E+12,6
 Contact Management ,2,0.8,4032500.333,4.81291E+13,3308333.667,5.20284E+13,452500,2.92338E+11,6
 Cooking ,2.5,0.3,13650732.67,4.8208E+14,13295000,4.91E+14,350000,3.30E+11,6
 Customer Support Tools ,2.666666667,2.666666667,14030105.33,2.49944E+14,13271499,2.48717E+14,508606.3333,7.10772E+11,6
 Diabetes ,1.5,0.7,48210481.67,1.20283E+16,29442148.33,4.87729E+15,2101666.667,1.57341E+13,6
 Document Management ,1.666666667,0.266666667,2337361,4.05908E+12,1717360.667,4.38673E+12,361667,3.07367E+11,6
 Electronic Health Records ,3.333333333,8.666666667,17470833.33,1.00896E+15,9600000,3.78E+14,262500,2.80938E+11,6
 Energy Management ,3.166666667,2.966666667,8259052.167,8.61419E+13,6038302.167,5.0958E+13,269500,4.24902E+11,6
 Entrepreneur ,1.5,0.7,6750000,1.39E+14,1283333.333,7.92167E+12,258333.3333,1.90417E+11,6
 Film ,2.666666667,3.466666667,8105871,7.82386E+13,6866704.333,6.35423E+13,283333.3333,1.97667E+11,6
 Gps ,3.5,1.9,7368672.667,7.00881E+13,5909506,5.23107E+13,366666.6667,3.26667E+11,6
 Information Security ,1.5,0.7,26833544.17,8.33253E+14,23500210.83,9.54588E+14,0,0,6
 Insurance ,1.833333333,0.966666667,30400127.83,3.46587E+15,30233461.17,3.47783E+15,166666.6667,1.30667E+11,6
 Journalism ,1.5,0.7,7107459.167,1.41256E+14,6532133,1.49705E+14,575326.1667,5.6967E+11,6
 Law Enforcement ,2,0.4,2524166.667,8.553E+12,2070833.333,9.1626E+12,450000,4.12E+11,6
 Mobility ,2,1.2,6243787.833,1.00263E+14,5584621.167,1.05516E+14,305000,1.68E+11,6
 Music Services ,1.833333333,1.366666667,4969666.667,1.22428E+14,4591666.667,1.265E+14,191333.3333,63034666667,6
 Online Reservations ,1.666666667,1.466666667,1155834.5,3.64451E+12,866667.8333,2.82668E+12,160000,6.68E+10,6
 Opinions ,3.166666667,5.366666667,23973075.33,2.49393E+15,22855575.33,2.53107E+15,467500,4.74138E+11,6
 Personal Health ,1.833333333,0.566666667,3164426.833,5.28401E+13,3010000,5.39E+13,144426.8333,29966604532,6
 Promotional ,2,0.4,947906.6667,2.65658E+11,418740,5.03366E+11,204166.6667,63104166667,6
 Recycling ,1.666666667,0.666666667,3462020.833,2.94866E+13,3329520.833,3.04166E+13,131666.6667,59456666667,6
 Reputation ,1.666666667,0.666666667,7266833.333,1.8766E+14,2230000,1.55E+13,370166.6667,4.90416E+11,6
 Robotics ,2.666666667,3.466666667,19587558.33,8.04406E+14,17066725,8.58975E+14,837500,4.71438E+11,6
 Shoes ,2.166666667,5.766666667,55187477.5,7.60528E+15,20304166.67,2.38121E+15,250000,3.75E+11,6
 Specialty Foods ,1.666666667,1.066666667,1162500,1.93563E+12,550000,1.82E+12,4.00E+05,8.67E+11,6
 Tablets ,1.833333333,1.766666667,2140833.333,2.11421E+13,1916666.667,2.20417E+13,224166.6667,1.31594E+11,6
 Teachers ,2,0.4,877500,6.45138E+11,0,0,694166.6667,7.46504E+11,6
 Ticketing ,1.333333333,0.666666667,2307500,1.47545E+13,1666666.667,1.66667E+13,640833.3333,6.51124E+11,6
 All Markets ,2.4,0.8,15368623.8,4.20199E+14,14442800,4.33442E+14,870823.8,1.17454E+12,5
 Augmented Reality ,1.4,0.8,1418000,3.08E+12,452000,1.02E+12,416000,2.28E+11,5
 Billing ,2.6,2.3,28701600,3.06883E+15,27927600,3.12037E+15,7.00E+05,2.45E+12,5
 Broadcasting ,2.6,2.8,32670000,8.77E+14,32670000,8.77E+14,0,0,5
 Business Development ,1.2,0.2,2108069.6,1.08553E+13,1730069.6,1.21818E+13,360000,3.23E+11,5
 Business Productivity ,1.8,1.7,1304000,2.03E+12,550000,1.51E+12,524000,1.16E+12,5
 Credit Cards ,3,5.5,39539000,7.08E+15,3.90E+07,6.94E+15,412000,7.88283E+11,5
 Data Mining ,3.2,5.7,13221755,4.67155E+14,12492455,4.87356E+14,9300,432450000,5
 Direct Marketing ,2.8,3.7,10607387.8,4.67941E+14,10002387.8,4.32803E+14,170000,5.70E+10,5
 Environmental Innovation ,2,3,34577305.2,3.772E+15,17758845.2,6.3804E+14,1060,5618000,5
 Health and Insurance ,2,0.5,8529439.4,1.69842E+14,8360000,1.73E+14,69439.4,5779601362,5
 IT and Cybersecurity ,2,1,7670000,4.74E+13,5920000,2.97E+13,10000,5.00E+08,5
 IT Management ,2.6,2.8,38010000,1.87E+15,37630000,1.86E+15,380000,7.22E+11,5
 Local Based Services ,1.8,0.2,3524000,4.16041E+13,3300000,4.32E+13,140000,6.80E+10,5
 Local Search ,2.2,0.7,9385049,2.8253E+14,8440280,2.93462E+14,145000,9.64E+10,5
 Navigation ,2.2,0.7,37241470.2,1.50422E+15,25010130.2,1.33369E+15,31340,3264728000,5
 Oil and Gas ,1.4,0.3,338691069.2,4.27038E+17,0,0,214000,2.29E+11,5
 Online Gaming ,1.8,1.2,8482000,1.21E+14,8200000,1.26E+14,282000,1.32E+11,5
 Online Scheduling ,3,8.5,6939517.4,1.61095E+14,5271353.8,1.23363E+14,780000,1.53169E+12,5
 Private Social Networking ,1.2,0.2,179000,3.61E+10,0,0,159000,3.71E+10,5
 Professional Services ,1.4,0.3,802000,8.35E+11,480000,7.52E+11,72000,1.65E+10,5
 QR Codes ,2.2,2.7,1395850.4,3.12892E+12,656214.2,9.96849E+11,326920,3.07079E+11,5
 Semantic Web ,2.8,1.7,13755000,1.61E+14,13284000,1.66E+14,205000,9.64E+10,5
 Shipping ,1.2,0.2,2494000,9.65E+12,0,0,674000,1.85E+12,5
 Smart Grid ,2.6,4.3,59736891,4.59751E+15,58726891,4.45402E+15,0,0,5
 Social Bookmarking ,2.4,2.3,2826000,1.59241E+13,2425000,1.53E+13,401000,4.94E+11,5
 Stock Exchanges ,1.6,0.8,722000,4.67E+11,0,0,557000,3.53E+11,5
 Systems ,2.2,2.7,6514500,1.16726E+14,6372500,1.1525E+14,92000,1.56E+10,5
 Tech Field Support ,2.2,2.7,17958000,1.43E+15,17200000,1.44E+15,738000,1.64E+12,5
 Translation ,1.6,0.8,14031236,1.88575E+14,14031236,1.88575E+14,0,0,5
 Tutoring ,1.6,1.8,7570000,2.46E+14,5100000,1.30E+14,190000,1.38E+11,5
 Vacation Rentals ,1.4,0.3,898000,4.39083E+11,595000,6.92E+11,303000,1.98E+11,5
 Video on Demand ,2.4,1.3,14158098,3.47039E+14,13068098,3.64661E+14,10000,5.00E+08,5
 Adventure Travel ,1.5,0.333333333,353750,85306250000,162500,1.06E+11,62500,3541666667,4
 Auto ,1.25,0.25,2850000,1.30217E+13,2725000,1.39E+13,125000,2.75E+10,4
 Bridging Online and Offline ,1.5,0.333333333,642500,4.92E+11,0,0,517500,6.03892E+11,4
 Chemicals ,5,15.33333333,201742775,2.46449E+16,157848155,1.25769E+16,0,0,4
 Content Creators ,2.25,2.25,252392500,2.48E+17,0,0,2067500,5.90031E+12,4
 Content Delivery ,1.25,0.25,35525000,1.78515E+15,7500000,2.25E+14,475000,9.03E+11,4
 Content Syndication ,1.25,0.25,12488750,5.00513E+14,11500000,5.29E+14,763750,8.89923E+11,4
 Corporate IT ,2.75,2.25,11601105,3.1435E+14,11486105,3.17823E+14,115000,3.69E+10,4
 Craigslist Killers ,2,2,6934687.5,5.29591E+13,2250000,2.03E+13,476250,7.42523E+11,4
 DIY ,1.25,0.25,4643750,2.1666E+13,4250000,2.55833E+13,393750,5.45156E+11,4
 Gambling ,2,1.333333333,4975816.5,5.08742E+13,4628016.5,5.05535E+13,185000,5.69E+10,4
 Game ,2,2,4480000,3.01179E+13,3587500,1.81E+13,80000,1.66E+10,4
 Geospatial ,2,0.666666667,24813187.5,7.7897E+14,20196250,9.48913E+14,116937.5,54697515625,4
 Google Apps ,4,0.666666667,35700000,3.88567E+14,34875000,4.08569E+14,650000,1.69E+12,4
 Governments ,1.25,0.25,2312500,1.0094E+13,5.00E+05,1.00E+12,50000,1.00E+10,4
 Graphics ,1.25,0.25,5040865,3.28594E+13,4990865,3.35215E+13,50000,3333333333,4
 Group Buying ,2.25,6.25,10515625,3.14808E+14,7990625,2.554E+14,1250000,4.75E+12,4
 Guides ,3,4,14175557.75,5.77288E+14,6863057.75,1.39502E+14,812500,1.39E+12,4
 High Schools ,1.75,0.916666667,5030000,3.48E+13,4975000,3.55358E+13,5000,1.00E+08,4
 Home Renovation ,2.25,1.583333333,361500,1.24916E+11,0,0,208750,69772916667,4
 Humanitarian ,2.25,0.916666667,5537500,2.22585E+13,3875000,3.21E+13,1.00E+06,1.11E+12,4
 Infrastructure ,2,0.666666667,42812500,2.71806E+15,41437500,2.86243E+15,1375000,7.56E+12,4
 Interest Graph ,1.75,0.25,1444125,1.82749E+12,750000,2.25E+12,643750,6.95156E+11,4
 Internet TV ,1.5,0.333333333,4104112.5,3.9949E+13,3250000,4.23E+13,854112.5,7.67966E+11,4
 M2M ,3.25,14.91666667,5879855.75,1.26611E+14,4452000,7.80E+13,134500,7.24E+10,4
 Medical Professionals ,1.75,0.916666667,47767104,3.65386E+15,15232277.75,9.24034E+14,0,0,4
 MMO Games ,2,2,9400000,1.22575E+14,9275000,1.25636E+14,93750,35156250000,4
 Non Profit ,2,4,12621750,6.16018E+14,12462500,6.21E+14,34250,3332250000,4
 Online Video Advertising ,2.5,3,13302500,2.77E+14,12337500,2.65E+14,390000,2.04E+11,4
 Organic Food ,3.25,2.916666667,11517499.75,2.00563E+14,10810000,2.19802E+14,707499.75,9.62224E+11,4
 Performance Marketing ,1,0,4146750,9.49181E+12,4125000,9.72917E+12,21750,1892250000,4
 Printing ,2.25,1.583333333,11602641,3.09889E+14,10902641,3.26774E+14,250000,83333333333,4
 Social Fundraising ,1.5,1,5415000,1.08E+14,5250000,1.10E+14,165000,2.89E+10,4
 Social Media Advertising ,2.5,3.666666667,4400000,2.20417E+13,3262500,2.20123E+13,262500,2.42292E+11,4
 Social Media Platforms ,2,2,7017591.25,9.44338E+13,5985065.25,9.07472E+13,1032526,1.49925E+12,4
 Textbooks ,1.25,0.25,2141875,6.30096E+12,1625000,3.56E+12,2500,2.50E+07,4
 Video Chat ,1.5,0.333333333,465000,2.17233E+11,125000,6.25E+10,340000,1.01E+11,4
 Virtual Worlds ,1,0,2100000,1.07317E+13,1912500,1.15473E+13,187500,1.41E+11,4
 Visualization ,4.25,16.25,4971271.5,5.33529E+13,3623682.5,5.25243E+13,532500,7.88892E+11,4
 Water ,1.75,0.916666667,797349.75,3.16088E+11,299849.75,1.72259E+11,122500,21758333333,4
 Wine And Spirits ,1.25,0.25,1540000,4.46207E+12,1375000,4.56E+12,40000,5.40E+09,4
 3D Printing ,3,4,8509333.333,1.43665E+14,6700000,1.23E+14,876000,2.30E+12,3
 3D Technology ,2,1,3533333.333,1.63583E+12,0,0,3233333.333,1.00333E+12,3
 App Stores ,2,3,2139000,6.31E+12,1972333.333,7.0853E+12,1.00E+05,3.00E+10,3
 Application Performance Monitoring ,3.666666667,1.333333333,11807666.67,6.47572E+13,9233333.333,6.39633E+13,1691000,8.13E+11,3
 Babies ,1.333333333,0.333333333,783333.3333,9.57708E+11,0,0,516666.6667,2.77708E+11,3
 Business Information Systems ,1.666666667,0.333333333,7759333.333,9.99026E+13,7020000,1.14E+14,739333.3333,1.39204E+12,3
 Career Planning ,2,1,5116666.667,4.76608E+13,4333333.333,5.63333E+13,733333.3333,1.61333E+12,3
 Celebrity ,1,0,5191666.667,7.22296E+13,5003333.333,7.495E+13,188333.3333,1.06408E+11,3
 Charter Schools ,1.666666667,0.333333333,2098333.333,48258333333,648333.3333,1.26101E+12,416666.6667,5.20833E+11,3
 Comparison Shopping ,2,3,2568229.667,8.85492E+12,234875.3333,1.65499E+11,2000021,1.20003E+13,3
 Coworking ,1.666666667,1.333333333,18200000,6.55E+14,15833333.33,7.52083E+14,83333.33333,20833333333,3
 Craft Beer ,1,0,265151.3333,1.58814E+11,0,0,0,0,3
 Digital Entertainment ,1.333333333,0.333333333,9263333.333,2.36068E+14,8333333.333,2.08333E+14,680000,1.31E+12,3
 Domains ,2,0,14297720.33,6.03243E+14,0,0,11666.66667,408333333.3,3
 Drones ,2.333333333,0.333333333,1.60E+07,2.91E+14,1.50E+07,3.25E+14,1.00E+06,1.00E+12,3
 E-Books ,1.333333333,0.333333333,7400000,7.06E+13,5933333.333,5.24133E+13,1466666.667,2.25333E+12,3
 Educational Games ,1,0,272666.6667,71141333333,0,0,89333.33333,19441333333,3
 Energy IT ,1.666666667,0.333333333,1405666.667,4.0063E+12,1233333.333,4.56333E+12,172333.3333,80596333333,3
 Enterprise Resource Planning ,3.666666667,0.333333333,54358333.33,2.21977E+15,28833333.33,2.49408E+15,43333.33333,5633333333,3
 Enterprise Search ,3.666666667,6.333333333,15462499.33,4.61529E+14,12995833,3.36914E+14,466666.6667,6.53333E+11,3
 Enterprise Security ,2.333333333,1.333333333,11800000,7.73E+13,9666666.667,8.23333E+13,1466666.667,3.05333E+12,3
 Entertainment Industry ,1,0,1125002.333,7.65625E+11,375002.3333,4.2188E+11,666666.6667,1.33333E+12,3
 Exercise ,1.333333333,0.333333333,3933333.333,2.58133E+13,3266666.667,3.20133E+13,333333.3333,3.33333E+11,3
 Families ,1.666666667,0.333333333,456666.6667,5.33633E+11,0,0,73333.33333,12133333333,3
 Flash Sales ,3.333333333,4.333333333,18466666.67,7.97206E+14,15666666.67,6.04333E+14,1133333.333,9.05833E+11,3
 Game Mechanics ,4.333333333,6.333333333,38055000,1.66E+15,37900000,1.67E+15,83333.33333,20833333333,3
 Government Innovation ,5.666666667,8.333333333,8636666.667,1.59155E+14,7633333.333,1.74803E+14,958333.3333,4.56458E+11,3
 Green ,3.333333333,4.333333333,5538833.333,1.99471E+13,3813833.333,1.61795E+13,3.00E+05,2.70E+11,3
 Image Recognition ,2.666666667,2.333333333,7232666.667,1.32126E+14,5333333.333,8.53333E+13,1060000,1.67E+12,3
 Indoor Positioning ,3.666666667,4.333333333,12613333.33,2.93065E+13,8933333.333,7.14133E+13,3680000,1.11E+13,3
 Industrial Automation ,3.333333333,10.33333333,1753666.667,1.6079E+12,1.00E+06,3.00E+12,20000,1.20E+09,3
 Jewelry ,1.666666667,1.333333333,10310000,7.48E+13,9833333.333,7.25833E+13,476666.6667,3.18633E+11,3
 Leisure ,1,0,7161666.667,1.43625E+14,7.00E+06,1.47E+14,161666.6667,19908333333,3
 Lighting ,2.666666667,2.333333333,46916666.67,2.61616E+15,42616666.67,2.23424E+15,0,0,3
 Linux ,4,13,21640000,6.01E+14,20973333.33,6.26891E+14,0,0,3
 Local Advertising ,2.333333333,1.333333333,12757916.67,4.41003E+14,12732916.67,4.41951E+14,0,0,3
 Mac ,1.333333333,0.333333333,3790000,2.89E+13,3523333.333,3.15416E+13,266666.6667,2.13333E+11,3
 Mass Customization ,2.666666667,1.333333333,2246867,5.70915E+12,606690.3333,1.10422E+12,570833.3333,8.74427E+11,3
 Material Science ,3.333333333,5.333333333,5936662,2.46654E+13,4212500,1.3323E+13,1166666.667,1.58333E+12,3
 Meeting Software ,1.333333333,0.333333333,4564374,2.23589E+13,692707.3333,1.43953E+12,466666.6667,6.53333E+11,3
 Mobile Coupons ,1.666666667,1.333333333,4250000,8.31E+12,3750000,1.32E+13,5.00E+05,7.50E+11,3
 Mobile Enterprise ,1.333333333,0.333333333,3623333.333,6.24763E+12,1073333.333,3.45613E+12,2550000,1.10E+13,3
 Mobile Shopping ,1.666666667,1.333333333,4988333,1.38414E+13,2471666.333,1.19124E+13,2516666.667,8.08083E+12,3
 Mobile Video ,2.666666667,2.333333333,5245000,2.11E+13,3448333.333,1.56046E+13,1243333.333,2.56363E+12,3
 NFC ,2,1,256666.6667,62822333333,0,0,256666.6667,62822333333,3
 Oil ,2,3,120306666.7,2.44721E+16,5306666.667,4.57221E+13,0,0,3
 Online Travel ,2,3,1505000,4.31E+10,0,0,1005000,8.01E+11,3
 Organic ,2,3,3908333.333,3.48327E+13,3233333.333,2.26633E+13,8333.333333,208333333.3,3
 P2P Money Transfer ,3.333333333,10.33333333,197883333.3,1.15613E+17,164500000,7.97E+16,50000,7.50E+09,3
 Point of Sale ,2,1,41941666.67,3.90857E+15,41936666.67,3.90919E+15,5000,7.50E+07,3
 Postal and Courier Services ,1.333333333,0.333333333,771666.6667,1.63941E+12,0,0,750000,1.69E+12,3
 Product Design ,2,3,12072333.33,4.01408E+14,10866666.67,3.54253E+14,839000,5.69E+11,3
 Product Development Services ,2,1,6950000,1.14E+14,5866666.667,7.75033E+13,1083333.333,3.52083E+12,3
 Professional Networking ,1.333333333,0.333333333,576666.6667,1.49633E+11,0,0,543333.3333,1.30633E+11,3
 Property Management ,1.333333333,0.333333333,2641666.667,1.16377E+13,1675000,8.29E+12,5.00E+05,7.50E+11,3
 Retail Technology ,5,3,7677322.667,4.51221E+13,5742489.333,2.73363E+13,339333.3333,3.27441E+11,3
 Service Providers ,1,0,2883333.333,2.43583E+12,2516666.667,4.80083E+12,366666.6667,4.03333E+11,3
 Social + Mobile + Local ,1.666666667,0.333333333,6149758.333,5.2531E+13,6076425,5.38517E+13,0,0,3
 Social Business ,2.333333333,5.333333333,5883556,1.02091E+14,5200000,8.11E+13,433333.3333,4.40833E+11,3
 Social Travel ,1.333333333,0.333333333,556666.6667,3.23633E+11,0,0,556666.6667,3.23633E+11,3
 Specialty Retail ,2.333333333,2.333333333,3366666.667,8.00333E+12,3.00E+06,7.00E+12,366666.6667,3.03333E+11,3
 Speech Recognition ,3,1,6700000,2.38E+13,5533333.333,9.32333E+12,0,0,3
 Sponsorship ,3,1,1328333.333,6.46858E+11,383333.3333,4.40833E+11,945000,5.28E+11,3
 Surveys ,1.666666667,1.333333333,5364044,4.42993E+13,3766666.667,2.18633E+13,264044,2.09158E+11,3
 Task Management ,2.666666667,4.333333333,5986666.667,4.4529E+13,2166666.667,1.40833E+13,1616666.667,6.69083E+12,3
 Text Analytics ,1.333333333,0.333333333,793333.3333,1.09213E+12,0,0,726666.6667,1.22413E+12,3
 Textiles ,1,0,239000,5.95E+10,166666.6667,83333333333,5666.666667,96333333.33,3
 Tourism ,1.666666667,0.333333333,66666.66667,933333333.3,0,0,13333.33333,533333333.3,3
 Toys ,4,7,9555929,1.42234E+14,7393595.667,1.25816E+14,1932333.333,2.68749E+12,3
 Video Conferencing ,1.333333333,0.333333333,2.00E+06,7.50E+11,5.00E+05,7.50E+11,5.00E+05,7.50E+11,3
 Virtual Currency ,1.333333333,0.333333333,358333.3333,1.33958E+11,0,0,75000,1.19E+10,3
 Visual Search ,3.333333333,6.333333333,16913100,6.77387E+14,14533333.33,6.33653E+14,563333.3333,9.52033E+11,3
 Web Browsers ,3,7,7475000,9.31E+13,4766666.667,2.76033E+13,2708333.333,2.10052E+13,3
 Women ,3.333333333,1.333333333,17070000,6.34E+14,16366666.67,6.61003E+14,20000,1.20E+09,3
 World Domination ,3.666666667,6.333333333,29466656.33,2.01712E+15,27899989.67,1.94173E+15,566666.6667,9.63333E+11,3
 Advertising Networks ,1,0,3750000,2.11E+13,3750000,2.11E+13,0,0,2
 Architecture ,5.5,40.5,31967525.5,2.03108E+15,27247272,1.48483E+15,50000,5.00E+09,2
 Archiving ,2,2,13010000,3.37E+14,1.30E+07,3.38E+14,10000,2.00E+08,2
 Artists Globally ,3.5,4.5,2118079.5,3.3183E+12,2080579.5,3.51432E+12,37500,2812500000,2
 Bio-Pharm ,5,8,68668086.5,3.84238E+15,66783336.5,3.73527E+15,0,0,2
 Bioinformatics ,2.5,0.5,3744164,58774432658,3394164,63776632658,0,0,2
 Boating Industry ,1.5,0.5,966000,1.74E+12,0,0,366000,2.23E+11,2
 Classifieds ,2,2,567500,6.10513E+11,0,0,7500,112500000,2
 Clinical Trials ,1.5,0.5,1271000,2.90E+11,826000,1.36E+12,70000,9.80E+09,2
 Coffee ,1.5,0.5,22855500,1.04374E+15,22850000,1.04E+15,0,0,2
 Collectibles ,3.5,4.5,392000,1.71E+11,0,0,382500,1.59613E+11,2
 Corporate Training ,1.5,0.5,1670446,58103677832,495446,4.90933E+11,1175000,2.11E+11,2
 Cosmetics ,1.5,0.5,5150000,2.96E+13,3500000,2.45E+13,1650000,2.45E+11,2
 Data Center Infrastructure ,2,2,41400000,3.92E+12,41400000,3.92E+12,0,0,2
 Defense ,1.5,0.5,1275000,1.90E+12,1125000,2.53E+12,150000,4.50E+10,2
 Demographies ,2,0,11650000,8.06E+13,11650000,8.06E+13,0,0,2
 Digital Signage ,1.5,0.5,31100000,1.75E+15,0,0,0,0,2
 Doctors ,5,2,61175000,6.12E+15,26175000,8.26E+14,0,0,2
 DOD/Military ,1.5,0.5,1085296.5,1.74956E+12,0,0,75000,1.13E+10,2
 Electric Vehicles ,2.5,0.5,11731076,2.50398E+12,9881076,2.50398E+12,925000,1.71E+12,2
 Embedded Hardware and Software ,1.5,0.5,1229000,2.38E+12,1160000,2.69E+12,69000,9.52E+09,2
 Employer Benefits Programs ,2,0,6.00E+06,8.00E+12,5500000,1.25E+13,5.00E+05,5.00E+11,2
 Engineering Firms ,2,2,11475000,1.85E+14,10550000,2.23E+14,925000,1.71E+12,2
 Fleet Management ,2.5,4.5,47875000,4.44E+15,1.00E+06,2.00E+12,0,0,2
 Fraud Detection ,2,2,33550000,2.62E+14,33550000,2.62E+14,0,0,2
 FreetoPlay Gaming ,2,2,21885000,9.34E+14,21800000,9.42E+14,85000,1.45E+10,2
 Genetic Testing ,5.5,40.5,27614441,1.41666E+15,25201941,1.27028E+15,5.00E+05,5.00E+11,2
 Green Consumer Goods ,2,0,7950000,8.41E+12,4.00E+06,3.20E+13,3950000,7.61E+12,2
 High Tech ,2,2,8550000,1.43E+14,8500000,1.45E+14,50000,5.00E+09,2
 Home Decor ,3,8,48299945,3.32929E+15,47049945,3.12841E+15,1250000,3.13E+12,2
 Human Computer Interaction ,2.5,0.5,11018106.5,1.99276E+14,9750000,1.90E+14,750000,1.13E+12,2
 Industrial ,2,2,1632000,4.92E+12,5.00E+05,5.00E+11,382000,2.02E+11,2
 Innovation Engineering ,3,2,17489667.5,7.91755E+12,15500000,8.00E+12,1989667.5,213521112.5,2
 Innovation Management ,1,0,5400000,3.70E+13,4850000,4.70E+13,0,0,2
 Intelligent Systems ,3,2,6076099.5,3.00483E+13,4363599.5,3.8082E+13,862500,1.40281E+12,2
 iPod Touch ,2,2,1369000,3.22E+12,0,0,1369000,3.22E+12,2
 Kinect ,2,2,850000,2.45E+11,0,0,6.00E+05,7.20E+11,2
 Lead Management ,2.5,0.5,20332500,7.73621E+14,20307500,7.75589E+14,25000,1.25E+09,2
 Licensing ,3.5,4.5,8784478,1.03233E+14,7984478,1.27504E+14,8.00E+05,1.28E+12,2
 Medical Marijuana Patients ,1,0,137500,2812500000,87500,15312500000,0,0,2
 MicroBlogging ,3,2,2350000,4.81E+12,1750000,6.13E+12,125000,3.13E+10,2
 Mobile Infrastructure ,2.5,0.5,18235300,2.25344E+14,18135300,2.2961E+14,1.00E+05,2.00E+10,2
 Nightclubs ,2,2,65000,4.50E+08,0,0,55000,5.00E+07,2
 Nutrition ,1,0,97500,1012500000,0,0,37500,2812500000,2
 Offline Businesses ,3,2,16362500,1.85763E+14,12150000,1.23E+14,1212500,2.94031E+12,2
 Outdoor Advertising ,3,2,1582500,4.71552E+12,1.00E+06,2.00E+12,582500,5.73521E+11,2
 Physicians ,6,18,252104326.5,5.47115E+16,50625000,2.19E+15,0,0,2
 Polling ,1.5,0.5,360000,7.22E+10,0,0,360000,7.22E+10,2
 Portals ,1.5,0.5,2700000,5.78E+12,2700000,5.78E+12,0,0,2
 Procurement ,1,0,802500,78012500000,5.00E+05,5.00E+11,0,0,2
 Real Estate Investors ,1,0,4130000,2.55E+12,2630000,1.38E+13,1500000,4.50E+12,2
 Search Marketing ,2,2,27450000,1.20E+15,27450000,1.20E+15,0,0,2
 Semiconductor Manufacturing Equipment ,2,2,19550000,1.50E+14,19550000,1.50E+14,0,0,2
 Senior Health ,1,0,1250000,2.65E+12,0,0,0,0,2
 Skill Assessment ,2.5,4.5,1985000,7.74E+12,0,0,1344000,3.52E+12,2
 Social CRM ,4.5,0.5,49175000,1.60E+15,46750000,1.89E+15,2425000,1.18E+13,2
 Social Media Management ,1,0,710000,9.52E+11,0,0,710000,9.52E+11,2
 Social Television ,2,2,2045000,6.44E+12,725000,4.51E+11,1320000,3.48E+12,2
 Sporting Goods ,1,0,1309000,2.84E+12,1250000,3.13E+12,59000,6.96E+09,2
 Staffing Firms ,1,0,67500,2112500000,0,0,67500,2112500000,2
 Test and Measurement ,5.5,24.5,13267753.5,3.25521E+14,7800000,1.22E+14,2566431.5,1.2019E+13,2
 Trusted Networks ,2,2,7555000,1.11E+14,3250000,2.11E+13,55000,6.05E+09,2
 Virtual Workforces ,1,0,16250000,3.78E+14,1.50E+07,4.50E+14,0,0,2
 Water Purification ,2,2,16663804,4.13925E+14,16476304,4.24785E+14,0,0,2
 Wealth Management ,3,8,66750000,7.88E+15,63250000,8.00E+15,2.00E+06,8.00E+12,2
 Windows Phone 7 ,5,8,9604639,8.18013E+13,8050000,1.26E+14,597500,7.14013E+11,2
 Advertising Exchanges ,5,NA,75511200,NA,75511200,NA,0,NA,1
 Algorithms ,5,NA,545000,NA,0,NA,545000,NA,1
 Alumni ,1,NA,610000,NA,0,NA,0,NA,1
 Angels ,2,NA,1600000,NA,0,NA,1400000,NA,1
 Animal Feed ,1,NA,4600000,NA,0,NA,0,NA,1
 App Discovery ,2,NA,1850000,NA,1600000,NA,0,NA,1
 Assisitive Technology ,1,NA,1300000,NA,1300000,NA,0,NA,1
 Baby Boomers ,1,NA,167000,NA,0,NA,167000,NA,1
 Bicycles ,1,NA,150000,NA,150000,NA,0,NA,1
 Biometrics ,4,NA,5.00E+05,NA,0,NA,250000,NA,1
 Biotechnology and Semiconductor ,2,NA,13486929,NA,9486929,NA,0,NA,1
 Brokers ,4,NA,8.60E+07,NA,8.60E+07,NA,0,NA,1
 Cable ,2,NA,8704000,NA,8500000,NA,204000,NA,1
 Certification Test ,2,NA,1.30E+07,NA,1.30E+07,NA,0,NA,1
 College Campuses ,1,NA,1.00E+05,NA,0,NA,1.00E+05,NA,1
 College Recruiting ,2,NA,228000,NA,0,NA,0,NA,1
 Commercial Solar ,1,NA,2500000,NA,2500000,NA,0,NA,1
 Commodities ,2,NA,8020000,NA,0,NA,0,NA,1
 Consumer Behavior ,4,NA,3110000,NA,0,NA,250000,NA,1
 Contests ,1,NA,20000,NA,0,NA,20000,NA,1
 Corporate Wellness ,5,NA,6118000,NA,6100000,NA,18000,NA,1
 Cosmetic Surgery ,1,NA,115119,NA,115119,NA,0,NA,1
 Creative Industries ,4,NA,19044025,NA,1.70E+07,NA,0,NA,1
 Cyber ,2,NA,3300000,NA,3300000,NA,0,NA,1
 Data Center Automation ,8,NA,62750002,NA,57750002,NA,0,NA,1
 Data Privacy ,6,NA,16665000,NA,7500000,NA,140000,NA,1
 Dental ,3,NA,64058512,NA,14058512,NA,0,NA,1
 Designers ,1,NA,5900000,NA,5900000,NA,0,NA,1
 Digital Rights Management ,1,NA,1.50E+07,NA,1.50E+07,NA,0,NA,1
 Direct Sales ,1,NA,18000,NA,0,NA,18000,NA,1
 Distributed Generation ,1,NA,3.00E+07,NA,3.00E+07,NA,0,NA,1
 Distributors ,2,NA,1104641,NA,104641,NA,0,NA,1
 Early-Stage Technology ,1,NA,2650000,NA,2650000,NA,0,NA,1
 EBooks ,1,NA,150000,NA,0,NA,150000,NA,1
 Electrical Distribution ,2,NA,16393157,NA,16393157,NA,0,NA,1
 Email Newsletters ,1,NA,50000,NA,0,NA,50000,NA,1
 Emerging Markets ,2,NA,2.50E+07,NA,2.50E+07,NA,0,NA,1
 English-Speaking ,1,NA,1750000,NA,0,NA,1750000,NA,1
 Enterprise 2.0 ,3,NA,11298100,NA,10998100,NA,0,NA,1
 Enterprise Application ,6,NA,37945000,NA,36745000,NA,1200000,NA,1
 Enterprise Purchasing ,2,NA,31300000,NA,19800000,NA,11500000,NA,1
 Estimation and Quoting ,1,NA,8.00E+05,NA,0,NA,0,NA,1
 Face Recognition ,5,NA,3150000,NA,1200000,NA,1800000,NA,1
 Farmers Market ,1,NA,5.00E+05,NA,0,NA,0,NA,1
 Farming ,1,NA,100,NA,0,NA,0,NA,1
 Film Production ,2,NA,5.25E+08,NA,0,NA,0,NA,1
 Financial Exchanges ,1,NA,1350000,NA,1350000,NA,0,NA,1
 Franchises ,1,NA,7.00E+06,NA,7.00E+06,NA,0,NA,1
 Freemium ,1,NA,130000,NA,0,NA,0,NA,1
 Funeral Industry ,1,NA,1250000,NA,0,NA,1250000,NA,1
 Gas ,2,NA,4.00E+05,NA,0,NA,2.00E+05,NA,1
 Golf Equipment ,1,NA,450000,NA,0,NA,450000,NA,1
 Google Glass ,1,NA,1.00E+05,NA,0,NA,0,NA,1
 Governance ,3,NA,8.00E+06,NA,8.00E+06,NA,0,NA,1
 Groceries ,4,NA,54800000,NA,52500000,NA,2300000,NA,1
 Group SMS ,1,NA,1500000,NA,1500000,NA,0,NA,1
 Heavy Industry ,3,NA,45299500,NA,3.80E+07,NA,0,NA,1
 Hedge Funds ,3,NA,1580000,NA,0,NA,1580000,NA,1
 Home Owners ,1,NA,22000,NA,0,NA,22000,NA,1
 Human Resource Automation ,6,NA,5872344,NA,2934844,NA,1500000,NA,1
 Industrial Energy Efficiency ,6,NA,24656275,NA,17570000,NA,0,NA,1
 Interface Design ,1,NA,3800000,NA,3800000,NA,0,NA,1
 Interior Design ,3,NA,5600000,NA,0,NA,5600000,NA,1
 Internet Infrastructure ,3,NA,5664000,NA,5.00E+06,NA,164000,NA,1
 Internet Radio Market ,1,NA,2500000,NA,2500000,NA,0,NA,1
 Internet Service Providers ,2,NA,37999998,NA,37999998,NA,0,NA,1
 Internet Technology ,3,NA,13485455,NA,12477054,NA,0,NA,1
 Knowledge Management ,1,NA,187500,NA,0,NA,0,NA,1
 Lifestyle Businesses ,1,NA,1100000,NA,0,NA,1100000,NA,1
 Lifestyle Products ,1,NA,17000,NA,0,NA,17000,NA,1
 Local Coupons ,1,NA,140000,NA,0,NA,140000,NA,1
 Logistics Company ,3,NA,3860000,NA,0,NA,2660000,NA,1
 mHealth ,2,NA,25000,NA,0,NA,20000,NA,1
 Mining Technologies ,1,NA,1500000,NA,0,NA,1500000,NA,1
 Mobile Analytics ,1,NA,1.00E+05,NA,0,NA,1.00E+05,NA,1
 Mobile Emergency&Health ,2,NA,290000,NA,30000,NA,260000,NA,1
 Mobile Social ,1,NA,58000,NA,0,NA,58000,NA,1
 Moneymaking ,1,NA,1.00E+05,NA,0,NA,1.00E+05,NA,1
 Motion Capture ,1,NA,421057,NA,421057,NA,0,NA,1
 Multi-level Marketing ,1,NA,3.50E+07,NA,0,NA,0,NA,1
 Music Venues ,1,NA,775000,NA,0,NA,775000,NA,1
 Natural Resources ,1,NA,1384000,NA,0,NA,1384000,NA,1
 Neuroscience ,2,NA,4.10E+07,NA,4.10E+07,NA,0,NA,1
 Office Space ,3,NA,465000,NA,0,NA,40000,NA,1
 Outdoors ,1,NA,250000,NA,0,NA,250000,NA,1
 Parking ,1,NA,6400000,NA,6400000,NA,0,NA,1
 PC Gaming ,6,NA,2258000,NA,0,NA,1508000,NA,1
 Personal Branding ,1,NA,50000,NA,0,NA,50000,NA,1
 Photo Editing ,3,NA,2.70E+07,NA,2.70E+07,NA,0,NA,1
 Plumbers ,5,NA,17750820,NA,11300000,NA,6450820,NA,1
 Product Search ,2,NA,4.00E+05,NA,0,NA,4.00E+05,NA,1
 Proximity Internet ,2,NA,4.10E+07,NA,4.10E+07,NA,0,NA,1
 Psychology ,1,NA,250000,NA,0,NA,0,NA,1
 Public Safety ,1,NA,16399999,NA,16399999,NA,0,NA,1
 Q&A ,1,NA,7.00E+06,NA,7.00E+06,NA,0,NA,1
 Quantitative Marketing ,3,NA,6.00E+06,NA,0,NA,4500000,NA,1
 Radical Breakthrough Startups ,2,NA,6500000,NA,5500000,NA,1.00E+06,NA,1
 Rapidly Expanding ,1,NA,2.00E+07,NA,2.00E+07,NA,0,NA,1
 Reading Apps ,1,NA,3.00E+06,NA,0,NA,0,NA,1
 Recipes ,7,NA,107500000,NA,100500000,NA,0,NA,1
 Registrars ,1,NA,3.00E+05,NA,0,NA,3.00E+05,NA,1
 Religion ,2,NA,32500000,NA,32500000,NA,0,NA,1
 Renewable Tech ,1,NA,745000,NA,0,NA,0,NA,1
 Rental Housing ,1,NA,6.00E+05,NA,0,NA,6.00E+05,NA,1
 Residential Solar ,2,NA,1500000,NA,0,NA,1500000,NA,1
 Retirement ,1,NA,2.00E+06,NA,0,NA,2.00E+06,NA,1
 RFID ,1,NA,2.00E+05,NA,2.00E+05,NA,0,NA,1
 RIM ,1,NA,2300000,NA,0,NA,0,NA,1
 Self Development ,1,NA,5.00E+05,NA,0,NA,5.00E+05,NA,1
 Self Storage ,2,NA,260000,NA,0,NA,260000,NA,1
 Senior Citizens ,1,NA,2100000,NA,2100000,NA,0,NA,1
 Service Industries ,4,NA,16820000,NA,10500000,NA,3550000,NA,1
 Sex ,2,NA,4800000,NA,4800000,NA,0,NA,1
 Social Investing ,5,NA,3230000,NA,0,NA,3230000,NA,1
 Social Opinion Platform ,2,NA,7.00E+06,NA,7.00E+06,NA,0,NA,1
 Space Travel ,3,NA,37500000,NA,22500000,NA,2500000,NA,1
 Specialty Chemicals ,5,NA,7.00E+07,NA,63500000,NA,0,NA,1
 Sunglasses ,2,NA,8.00E+05,NA,0,NA,8.00E+05,NA,1
 Synchronization ,2,NA,3675000,NA,0,NA,3540000,NA,1
 Taxis ,1,NA,118000,NA,0,NA,118000,NA,1
 Tea ,1,NA,182000,NA,0,NA,182000,NA,1
 Technical Continuing Education ,2,NA,870000,NA,0,NA,870000,NA,1
 Telephony ,3,NA,35265626,NA,8399999,NA,3.00E+06,NA,1
 Timeshares ,1,NA,5.00E+06,NA,0,NA,5.00E+06,NA,1
 Travel & Tourism ,4,NA,1.40E+07,NA,0,NA,0,NA,1
 TV Production ,1,NA,5.00E+07,NA,0,NA,0,NA,1
 Twin-Tip Skis ,1,NA,750000,NA,0,NA,750000,NA,1
 Universities ,2,NA,350000,NA,0,NA,3.00E+05,NA,1
 Vertical Search ,3,NA,1400000,NA,0,NA,8.00E+05,NA,1
 Virtual Goods ,2,NA,6.00E+06,NA,6.00E+06,NA,0,NA,1
 WebOS ,1,NA,2000,NA,0,NA,2000,NA,1
 Wind ,2,NA,1.40E+07,NA,1.40E+07,NA,0,NA,1
 Writers ,3,NA,345000,NA,0,NA,345000,NA,1
